AdultID,EggID,FMass,MMass,Genetic,Order,Rearing,Sex,Treatment,DayM,Mass,DayT,Tarsus,Head,Body
3587,30_8,15.63,13.35,30,8,11,M,per,0,0.5946,0,3.79,5.82,14.48
3587,30_8,15.63,13.35,30,8,11,M,per,2,1.28,2,4.22,NA,NA
3587,30_8,15.63,13.35,30,8,11,M,per,5,3.26,5,5.69,NA,NA
3587,30_8,15.63,13.35,30,8,11,M,per,10,8.54,10,13.15,NA,NA
3587,30_8,15.63,13.35,30,8,11,M,per,16,NA,30,15.1,NA,NA
3587,30_8,15.63,13.35,30,8,11,M,per,30,11.66,60,15.1,NA,NA
3587,30_8,15.63,13.35,30,8,11,M,per,40,NA,NA,NA,NA,NA
3587,30_8,15.63,13.35,30,8,11,M,per,60,12.21,NA,NA,NA,NA
3587,30_8,15.63,13.35,30,8,11,M,per,90,11.47,NA,NA,NA,NA
3588,26_2,15.14,13.83,26,2,11,M,per,0,0.7977,0,3.90,6.45,15.38
3588,26_2,15.14,13.83,26,2,11,M,per,2,0.98,2,NA,NA,NA
3588,26_2,15.14,13.83,26,2,11,M,per,5,2.65,5,8.47,NA,NA
3588,26_2,15.14,13.83,26,2,11,M,per,10,7.16,10,12.98,NA,NA
3588,26_2,15.14,13.83,26,2,11,M,per,16,NA,30,15.6,NA,NA
3588,26_2,15.14,13.83,26,2,11,M,per,30,12.73,60,15.9,NA,NA
3588,26_2,15.14,13.83,26,2,11,M,per,40,NA,NA,NA,NA,NA
3588,26_2,15.14,13.83,26,2,11,M,per,60,12.9,NA,NA,NA,NA
3588,26_2,15.14,13.83,26,2,11,M,per,90,12.14,NA,NA,NA,NA
3589,1_7,13.87,14.35,1,7,9,M,per,0,0.7916,0,3.40,6.26,16.92
3589,1_7,13.87,14.35,1,7,9,M,per,2,1.85,2,5.40,NA,NA
3589,1_7,13.87,14.35,1,7,9,M,per,5,3.36,5,7.27,NA,NA
3589,1_7,13.87,14.35,1,7,9,M,per,10,7.48,10,12.69,NA,NA
3589,1_7,13.87,14.35,1,7,9,M,per,16,11.87,30,16.4,NA,NA
3589,1_7,13.87,14.35,1,7,9,M,per,30,14.57,60,16.5,NA,NA
3589,1_7,13.87,14.35,1,7,9,M,per,40,13.75,NA,NA,NA,NA
3589,1_7,13.87,14.35,1,7,9,M,per,60,15.12,NA,NA,NA,NA
3589,1_7,13.87,14.35,1,7,9,M,per,90,15.1,NA,NA,NA,NA
3590,13_12,15.71,15.03,13,12,9,M,per,0,0.8129,0,4.68,6.32,17.30
3590,13_12,15.71,15.03,13,12,9,M,per,2,1.95,2,5.28,NA,NA
3590,13_12,15.71,15.03,13,12,9,M,per,5,3.81,5,7.81,NA,NA
3590,13_12,15.71,15.03,13,12,9,M,per,10,7.93,10,14.47,NA,NA
3590,13_12,15.71,15.03,13,12,9,M,per,16,11.02,30,14.8,NA,NA
3590,13_12,15.71,15.03,13,12,9,M,per,30,12.38,60,15.1,NA,NA
3590,13_12,15.71,15.03,13,12,9,M,per,40,12.64,NA,NA,NA,NA
3590,13_12,15.71,15.03,13,12,9,M,per,60,13.52,NA,NA,NA,NA
3590,13_12,15.71,15.03,13,12,9,M,per,90,13.82,NA,NA,NA,NA
3591,9_10,16.71,13.71,9,10,9,F,cont,0,1.0155,0,4.80,6.81,17.80
3591,9_10,16.71,13.71,9,10,9,F,cont,2,1.9,2,6.10,NA,NA
3591,9_10,16.71,13.71,9,10,9,F,cont,5,4.29,5,9.23,NA,NA
3591,9_10,16.71,13.71,9,10,9,F,cont,10,8.02,10,15.02,NA,NA
3591,9_10,16.71,13.71,9,10,9,F,cont,16,11.82,30,15.9,NA,NA
3591,9_10,16.71,13.71,9,10,9,F,cont,30,13.61,60,16.3,NA,NA
3591,9_10,16.71,13.71,9,10,9,F,cont,40,13.75,NA,NA,NA,NA
3591,9_10,16.71,13.71,9,10,9,F,cont,60,14.48,NA,NA,NA,NA
3591,9_10,16.71,13.71,9,10,9,F,cont,90,14.36,NA,NA,NA,NA
3592,9_9,16.71,13.71,9,9,9,M,low,0,0.9625,0,4.20,6.64,17.01
3592,9_9,16.71,13.71,9,9,9,M,low,2,1.55,2,5.65,NA,NA
3592,9_9,16.71,13.71,9,9,9,M,low,5,3.7,5,8.50,NA,NA
3592,9_9,16.71,13.71,9,9,9,M,low,10,9.12,10,14.58,NA,NA
3592,9_9,16.71,13.71,9,9,9,M,low,16,12.35,30,16,NA,NA
3592,9_9,16.71,13.71,9,9,9,M,low,30,15.15,60,16.6,NA,NA
3592,9_9,16.71,13.71,9,9,9,M,low,40,14.79,NA,NA,NA,NA
3592,9_9,16.71,13.71,9,9,9,M,low,60,15.57,NA,NA,NA,NA
3592,9_9,16.71,13.71,9,9,9,M,low,90,15.56,NA,NA,NA,NA
3593,2_2,17.52,18.08,2,2,22,M,cont,0,0.8593,0,4.21,6.55,17.37
3593,2_2,17.52,18.08,2,2,22,M,cont,2,1.36,2,5.09,NA,NA
3593,2_2,17.52,18.08,2,2,22,M,cont,5,3.33,5,7.84,NA,NA
3593,2_2,17.52,18.08,2,2,22,M,cont,10,10.12,10,NA,NA,NA
3593,2_2,17.52,18.08,2,2,22,M,cont,16,NA,30,NA,NA,NA
3593,2_2,17.52,18.08,2,2,22,M,cont,30,15.13,60,NA,NA,NA
3593,2_2,17.52,18.08,2,2,22,M,cont,40,NA,NA,NA,NA,NA
3593,2_2,17.52,18.08,2,2,22,M,cont,60,14.87,NA,NA,NA,NA
3593,2_2,17.52,18.08,2,2,22,M,cont,90,14.96,NA,NA,NA,NA
3594,13_2,14.53,14.96,13,2,22,F,per,0,0.8452,0,4.07,6.44,15.74
3594,13_2,14.53,14.96,13,2,22,F,per,2,0.98,2,4.12,NA,NA
3594,13_2,14.53,14.96,13,2,22,F,per,5,2.37,5,4.71,NA,NA
3594,13_2,14.53,14.96,13,2,22,F,per,10,8.79,10,13.91,NA,NA
3594,13_2,14.53,14.96,13,2,22,F,per,16,NA,30,NA,NA,NA
3594,13_2,14.53,14.96,13,2,22,F,per,30,14.71,60,NA,NA,NA
3594,13_2,14.53,14.96,13,2,22,F,per,40,NA,NA,NA,NA,NA
3594,13_2,14.53,14.96,13,2,22,F,per,60,14.99,NA,NA,NA,NA
3594,13_2,14.53,14.96,13,2,22,F,per,90,16.21,NA,NA,NA,NA
3595,9_4,16.6,14.13,9,4,22,F,cont,0,1.014,0,NA,NA,NA
3595,9_4,16.6,14.13,9,4,22,F,cont,2,1.26,2,5.36,NA,NA
3595,9_4,16.6,14.13,9,4,22,F,cont,5,3.27,5,7.75,NA,NA
3595,9_4,16.6,14.13,9,4,22,F,cont,10,9.78,10,14.96,NA,NA
3595,9_4,16.6,14.13,9,4,22,F,cont,16,NA,30,NA,NA,NA
3595,9_4,16.6,14.13,9,4,22,F,cont,30,15.11,60,14.7,NA,NA
3595,9_4,16.6,14.13,9,4,22,F,cont,40,NA,NA,NA,NA,NA
3595,9_4,16.6,14.13,9,4,22,F,cont,60,15.02,NA,NA,NA,NA
3595,9_4,16.6,14.13,9,4,22,F,cont,90,16.27,NA,NA,NA,NA
3596,32_6,15.05,12.79,32,6,6,F,per,0,0.8815,0,NA,NA,NA
3596,32_6,15.05,12.79,32,6,6,F,per,2,1.45,2,5.22,NA,NA
3596,32_6,15.05,12.79,32,6,6,F,per,5,3.73,5,9.12,NA,NA
3596,32_6,15.05,12.79,32,6,6,F,per,10,8.77,10,13.39,NA,NA
3596,32_6,15.05,12.79,32,6,6,F,per,16,10.03,30,15.5,NA,NA
3596,32_6,15.05,12.79,32,6,6,F,per,30,13.38,60,15.4,NA,NA
3596,32_6,15.05,12.79,32,6,6,F,per,40,13.28,NA,NA,NA,NA
3596,32_6,15.05,12.79,32,6,6,F,per,60,13.51,NA,NA,NA,NA
3596,32_6,15.05,12.79,32,6,6,F,per,90,13.84,NA,NA,NA,NA
3597,11_4,16.81,16.46,11,4,6,F,per,0,0.9335,0,NA,NA,NA
3597,11_4,16.81,16.46,11,4,6,F,per,2,1.31,2,4.33,NA,NA
3597,11_4,16.81,16.46,11,4,6,F,per,5,3.39,5,7.47,NA,NA
3597,11_4,16.81,16.46,11,4,6,F,per,10,9.64,10,15.00,NA,NA
3597,11_4,16.81,16.46,11,4,6,F,per,16,11.87,30,16.2,NA,NA
3597,11_4,16.81,16.46,11,4,6,F,per,30,14.94,60,16.9,NA,NA
3597,11_4,16.81,16.46,11,4,6,F,per,40,15.1,NA,NA,NA,NA
3597,11_4,16.81,16.46,11,4,6,F,per,60,15.26,NA,NA,NA,NA
3597,11_4,16.81,16.46,11,4,6,F,per,90,17.35,NA,NA,NA,NA
3598,13_13,15.71,15.03,13,13,6,F,low,0,0.8252,0,NA,NA,NA
3598,13_13,15.71,15.03,13,13,6,F,low,2,1.33,2,4.09,NA,NA
3598,13_13,15.71,15.03,13,13,6,F,low,5,3.9,5,7.99,NA,NA
3598,13_13,15.71,15.03,13,13,6,F,low,10,10.32,10,16.92,NA,NA
3598,13_13,15.71,15.03,13,13,6,F,low,16,10.57,30,16,NA,NA
3598,13_13,15.71,15.03,13,13,6,F,low,30,13.36,60,16.2,NA,NA
3598,13_13,15.71,15.03,13,13,6,F,low,40,12.95,NA,NA,NA,NA
3598,13_13,15.71,15.03,13,13,6,F,low,60,13.29,NA,NA,NA,NA
3598,13_13,15.71,15.03,13,13,6,F,low,90,13.37,NA,NA,NA,NA
3600,9_11,16.71,13.71,9,11,1,F,per,0,1.0414,0,NA,NA,NA
3600,9_11,16.71,13.71,9,11,1,F,per,2,1.75,2,5.43,NA,NA
3600,9_11,16.71,13.71,9,11,1,F,per,5,3.25,5,7.87,NA,NA
3600,9_11,16.71,13.71,9,11,1,F,per,10,10.17,10,15.06,NA,NA
3600,9_11,16.71,13.71,9,11,1,F,per,16,12.03,30,15.7,NA,NA
3600,9_11,16.71,13.71,9,11,1,F,per,30,12.33,60,15.9,NA,NA
3600,9_11,16.71,13.71,9,11,1,F,per,40,13.62,NA,NA,NA,NA
3600,9_11,16.71,13.71,9,11,1,F,per,60,14.15,NA,NA,NA,NA
3600,9_11,16.71,13.71,9,11,1,F,per,90,14,NA,NA,NA,NA
3601,10_5,19.01,13.95,10,5,1,F,cont,0,0.5549,0,NA,NA,NA
3601,10_5,19.01,13.95,10,5,1,F,cont,2,NA,2,NA,NA,NA
3601,10_5,19.01,13.95,10,5,1,F,cont,5,3.28,5,9.35,NA,NA
3601,10_5,19.01,13.95,10,5,1,F,cont,10,9.19,10,15.83,NA,NA
3601,10_5,19.01,13.95,10,5,1,F,cont,16,11.7,30,15.6,NA,NA
3601,10_5,19.01,13.95,10,5,1,F,cont,30,12.72,60,16,NA,NA
3601,10_5,19.01,13.95,10,5,1,F,cont,40,13.88,NA,NA,NA,NA
3601,10_5,19.01,13.95,10,5,1,F,cont,60,13.55,NA,NA,NA,NA
3601,10_5,19.01,13.95,10,5,1,F,cont,90,13.56,NA,NA,NA,NA
3602,32_7,15.05,12.79,32,7,1,M,low,0,0.9254,0,4.09,6.53,17.72
3602,32_7,15.05,12.79,32,7,1,M,low,2,1.51,2,4.85,NA,NA
3602,32_7,15.05,12.79,32,7,1,M,low,5,3.8,5,7.79,NA,NA
3602,32_7,15.05,12.79,32,7,1,M,low,10,8.77,10,15.63,NA,NA
3602,32_7,15.05,12.79,32,7,1,M,low,16,11,30,16.3,NA,NA
3602,32_7,15.05,12.79,32,7,1,M,low,30,13.09,60,16.1,NA,NA
3602,32_7,15.05,12.79,32,7,1,M,low,40,13.42,NA,NA,NA,NA
3602,32_7,15.05,12.79,32,7,1,M,low,60,13.23,NA,NA,NA,NA
3602,32_7,15.05,12.79,32,7,1,M,low,90,12.6,NA,NA,NA,NA
3603,6_9,15.94,13.82,6,9,1,NA,low,0,NA,0,4.35,6.24,17.07
3603,6_9,15.94,13.82,6,9,1,NA,low,2,1.26,2,3.91,NA,NA
3603,6_9,15.94,13.82,6,9,1,NA,low,5,2.91,5,7.32,NA,NA
3603,6_9,15.94,13.82,6,9,1,NA,low,10,7.75,10,7.32,NA,NA
3603,6_9,15.94,13.82,6,9,1,NA,low,16,11.1,30,NA,NA,NA
3603,6_9,15.94,13.82,6,9,1,NA,low,30,NA,60,NA,NA,NA
3603,6_9,15.94,13.82,6,9,1,NA,low,40,NA,NA,NA,NA,NA
3603,6_9,15.94,13.82,6,9,1,NA,low,60,NA,NA,NA,NA,NA
3603,6_9,15.94,13.82,6,9,1,NA,low,90,NA,NA,NA,NA,NA
3604,6_8,15.94,13.82,6,8,1,F,per,0,0.7701,0,4.24,6.33,17.44
3604,6_8,15.94,13.82,6,8,1,F,per,2,1.03,2,NA,NA,NA
3604,6_8,15.94,13.82,6,8,1,F,per,5,1.36,5,5.19,NA,NA
3604,6_8,15.94,13.82,6,8,1,F,per,10,6.41,10,12.46,NA,NA
3604,6_8,15.94,13.82,6,8,1,F,per,16,11.07,30,15.5,NA,NA
3604,6_8,15.94,13.82,6,8,1,F,per,30,10.46,60,15.7,NA,NA
3604,6_8,15.94,13.82,6,8,1,F,per,40,13.06,NA,NA,NA,NA
3604,6_8,15.94,13.82,6,8,1,F,per,60,13.14,NA,NA,NA,NA
3604,6_8,15.94,13.82,6,8,1,F,per,90,12.96,NA,NA,NA,NA
3606,31_3,15.12,14.19,31,3,10,F,per,0,0.878,0,4.76,6.91,17.41
3606,31_3,15.12,14.19,31,3,10,F,per,2,1.48,2,4.95,NA,NA
3606,31_3,15.12,14.19,31,3,10,F,per,5,2.76,5,6.69,NA,NA
3606,31_3,15.12,14.19,31,3,10,F,per,10,6.19,10,NA,NA,NA
3606,31_3,15.12,14.19,31,3,10,F,per,16,10.38,30,15,NA,NA
3606,31_3,15.12,14.19,31,3,10,F,per,30,13.49,60,14.9,NA,NA
3606,31_3,15.12,14.19,31,3,10,F,per,40,12.72,NA,NA,NA,NA
3606,31_3,15.12,14.19,31,3,10,F,per,60,13.81,NA,NA,NA,NA
3606,31_3,15.12,14.19,31,3,10,F,per,90,14.62,NA,NA,NA,NA
3607,13_16,15.71,15.03,13,16,10,M,low,0,0.7704,0,3.87,6.33,16.88
3607,13_16,15.71,15.03,13,16,10,M,low,2,1.46,2,4.11,NA,NA
3607,13_16,15.71,15.03,13,16,10,M,low,5,2.53,5,5.25,NA,NA
3607,13_16,15.71,15.03,13,16,10,M,low,10,6.45,10,11.08,NA,NA
3607,13_16,15.71,15.03,13,16,10,M,low,16,11.43,30,16.3,NA,NA
3607,13_16,15.71,15.03,13,16,10,M,low,30,13.27,60,16,NA,NA
3607,13_16,15.71,15.03,13,16,10,M,low,40,12.82,NA,NA,NA,NA
3607,13_16,15.71,15.03,13,16,10,M,low,60,13.38,NA,NA,NA,NA
3607,13_16,15.71,15.03,13,16,10,M,low,90,13.1,NA,NA,NA,NA
3608,29_13,14.92,14.66,29,13,10,NA,per,0,0.6731,0,3.85,6.28,14.70
3608,29_13,14.92,14.66,29,13,10,NA,per,2,1,2,4.89,NA,NA
3608,29_13,14.92,14.66,29,13,10,NA,per,5,1.95,5,5.88,NA,NA
3608,29_13,14.92,14.66,29,13,10,NA,per,10,4.19,10,10.67,NA,NA
3608,29_13,14.92,14.66,29,13,10,NA,per,16,NA,30,NA,NA,NA
3608,29_13,14.92,14.66,29,13,10,NA,per,30,NA,60,NA,NA,NA
3608,29_13,14.92,14.66,29,13,10,NA,per,40,NA,NA,NA,NA,NA
3608,29_13,14.92,14.66,29,13,10,NA,per,60,NA,NA,NA,NA,NA
3608,29_13,14.92,14.66,29,13,10,NA,per,90,NA,NA,NA,NA,NA
3610,31_5,15.12,14.19,31,5,28,F,cont,0,0.7745,0,3.82,6.74,16.07
3610,31_5,15.12,14.19,31,5,28,F,cont,2,1.62,2,4.83,NA,NA
3610,31_5,15.12,14.19,31,5,28,F,cont,5,3.37,5,7.94,NA,NA
3610,31_5,15.12,14.19,31,5,28,F,cont,10,8.76,10,13.97,NA,NA
3610,31_5,15.12,14.19,31,5,28,F,cont,16,NA,30,14.3,NA,NA
3610,31_5,15.12,14.19,31,5,28,F,cont,30,12.4,60,15.2,NA,NA
3610,31_5,15.12,14.19,31,5,28,F,cont,40,12.02,NA,NA,NA,NA
3610,31_5,15.12,14.19,31,5,28,F,cont,60,13.13,NA,NA,NA,NA
3610,31_5,15.12,14.19,31,5,28,F,cont,90,13.15,NA,NA,NA,NA
3611,28_8,14.64,15.07,28,8,28,M,low,0,0.861,0,3.57,7.26,17.91
3611,28_8,14.64,15.07,28,8,28,M,low,2,1.75,2,5.07,NA,NA
3611,28_8,14.64,15.07,28,8,28,M,low,5,4.04,5,NA,NA,NA
3611,28_8,14.64,15.07,28,8,28,M,low,10,10.33,10,14.72,NA,NA
3611,28_8,14.64,15.07,28,8,28,M,low,16,NA,30,15.7,NA,NA
3611,28_8,14.64,15.07,28,8,28,M,low,30,14.02,60,15.7,NA,NA
3611,28_8,14.64,15.07,28,8,28,M,low,40,13.45,NA,NA,NA,NA
3611,28_8,14.64,15.07,28,8,28,M,low,60,14.72,NA,NA,NA,NA
3611,28_8,14.64,15.07,28,8,28,M,low,90,14.24,NA,NA,NA,NA
3612,28_10,14.64,15.07,28,10,29,F,per,0,0.7324,0,3.75,6.67,17.47
3612,28_10,14.64,15.07,28,10,29,F,per,2,1.15,2,4.74,NA,NA
3612,28_10,14.64,15.07,28,10,29,F,per,5,2.7,5,NA,NA,NA
3612,28_10,14.64,15.07,28,10,29,F,per,10,8.06,10,12.82,NA,NA
3612,28_10,14.64,15.07,28,10,29,F,per,16,11.95,30,15.6,NA,NA
3612,28_10,14.64,15.07,28,10,29,F,per,30,12.83,60,15.6,NA,NA
3612,28_10,14.64,15.07,28,10,29,F,per,40,12.81,NA,NA,NA,NA
3612,28_10,14.64,15.07,28,10,29,F,per,60,13.37,NA,NA,NA,NA
3612,28_10,14.64,15.07,28,10,29,F,per,90,13.61,NA,NA,NA,NA
3613,29_16,14.92,14.66,29,16,29,M,low,0,0.8412,0,4.08,6.46,17.38
3613,29_16,14.92,14.66,29,16,29,M,low,2,1.42,2,NA,NA,NA
3613,29_16,14.92,14.66,29,16,29,M,low,5,3.09,5,7.55,NA,NA
3613,29_16,14.92,14.66,29,16,29,M,low,10,9.06,10,13.94,NA,NA
3613,29_16,14.92,14.66,29,16,29,M,low,16,11.9,30,NA,NA,NA
3613,29_16,14.92,14.66,29,16,29,M,low,30,13.31,60,14.6,NA,NA
3613,29_16,14.92,14.66,29,16,29,M,low,40,13.58,NA,NA,NA,NA
3613,29_16,14.92,14.66,29,16,29,M,low,60,13.36,NA,NA,NA,NA
3613,29_16,14.92,14.66,29,16,29,M,low,90,13.57,NA,NA,NA,NA
3614,29_17,14.92,14.66,29,17,29,F,cont,0,0.8093,0,3.75,6.8,17.56
3614,29_17,14.92,14.66,29,17,29,F,cont,2,1.51,2,NA,NA,NA
3614,29_17,14.92,14.66,29,17,29,F,cont,5,3.07,5,6.71,NA,NA
3614,29_17,14.92,14.66,29,17,29,F,cont,10,9.22,10,14.48,NA,NA
3614,29_17,14.92,14.66,29,17,29,F,cont,16,12.27,30,15.8,NA,NA
3614,29_17,14.92,14.66,29,17,29,F,cont,30,13.88,60,15.7,NA,NA
3614,29_17,14.92,14.66,29,17,29,F,cont,40,13.69,NA,NA,NA,NA
3614,29_17,14.92,14.66,29,17,29,F,cont,60,14.14,NA,NA,NA,NA
3614,29_17,14.92,14.66,29,17,29,F,cont,90,14.73,NA,NA,NA,NA
3615,2_13,14.17,18.95,2,13,29,F,per,0,0.65,0,NA,NA,NA
3615,2_13,14.17,18.95,2,13,29,F,per,2,1.12,2,4.62,NA,NA
3615,2_13,14.17,18.95,2,13,29,F,per,5,2.08,5,5.66,NA,NA
3615,2_13,14.17,18.95,2,13,29,F,per,10,7.15,10,11.40,NA,NA
3615,2_13,14.17,18.95,2,13,29,F,per,16,12.06,30,16.3,NA,NA
3615,2_13,14.17,18.95,2,13,29,F,per,30,15.24,60,16.4,NA,NA
3615,2_13,14.17,18.95,2,13,29,F,per,40,14.9,NA,NA,NA,NA
3615,2_13,14.17,18.95,2,13,29,F,per,60,15.73,NA,NA,NA,NA
3615,2_13,14.17,18.95,2,13,29,F,per,90,15.61,NA,NA,NA,NA
3616,4_14,18.19,15.1,4,14,2,M,per,0,0.8267,0,3.89,6.56,17.05
3616,4_14,18.19,15.1,4,14,2,M,per,2,1.91,2,5.75,NA,NA
3616,4_14,18.19,15.1,4,14,2,M,per,5,4.16,5,7.55,NA,NA
3616,4_14,18.19,15.1,4,14,2,M,per,10,9.93,10,14.26,NA,NA
3616,4_14,18.19,15.1,4,14,2,M,per,16,12.25,30,15.7,NA,NA
3616,4_14,18.19,15.1,4,14,2,M,per,30,14.38,60,15.3,NA,NA
3616,4_14,18.19,15.1,4,14,2,M,per,40,13.88,NA,NA,NA,NA
3616,4_14,18.19,15.1,4,14,2,M,per,60,14.46,NA,NA,NA,NA
3616,4_14,18.19,15.1,4,14,2,M,per,90,14.3,NA,NA,NA,NA
3617,4_15,18.19,15.1,4,15,2,M,low,0,0.8204,0,3.88,6.38,18.41
3617,4_15,18.19,15.1,4,15,2,M,low,2,1.32,2,4.69,NA,NA
3617,4_15,18.19,15.1,4,15,2,M,low,5,2.34,5,5.26,NA,NA
3617,4_15,18.19,15.1,4,15,2,M,low,10,8.07,10,13.40,NA,NA
3617,4_15,18.19,15.1,4,15,2,M,low,16,12.05,30,15.6,NA,NA
3617,4_15,18.19,15.1,4,15,2,M,low,30,14.95,60,16.3,NA,NA
3617,4_15,18.19,15.1,4,15,2,M,low,40,14.82,NA,NA,NA,NA
3617,4_15,18.19,15.1,4,15,2,M,low,60,16.1,NA,NA,NA,NA
3617,4_15,18.19,15.1,4,15,2,M,low,90,15.62,NA,NA,NA,NA
3618,4_16,18.19,15.1,4,16,2,M,cont,0,0.9025,0,3.92,6.20,17.62
3618,4_16,18.19,15.1,4,16,2,M,cont,2,1.53,2,5.77,NA,NA
3618,4_16,18.19,15.1,4,16,2,M,cont,5,3.21,5,6.69,NA,NA
3618,4_16,18.19,15.1,4,16,2,M,cont,10,9.48,10,14.78,NA,NA
3618,4_16,18.19,15.1,4,16,2,M,cont,16,12.2,30,16.2,NA,NA
3618,4_16,18.19,15.1,4,16,2,M,cont,30,14.7,60,16.3,NA,NA
3618,4_16,18.19,15.1,4,16,2,M,cont,40,13.68,NA,NA,NA,NA
3618,4_16,18.19,15.1,4,16,2,M,cont,60,14.21,NA,NA,NA,NA
3618,4_16,18.19,15.1,4,16,2,M,cont,90,14.54,NA,NA,NA,NA
3619,15_8,15.08,13.45,15,8,2,F,low,0,0.9257,0,4.07,7.08,18.21
3619,15_8,15.08,13.45,15,8,2,F,low,2,1.5,2,4.59,NA,NA
3619,15_8,15.08,13.45,15,8,2,F,low,5,4.18,5,7.77,NA,NA
3619,15_8,15.08,13.45,15,8,2,F,low,10,10.98,10,15.84,NA,NA
3619,15_8,15.08,13.45,15,8,2,F,low,16,12.08,30,16,NA,NA
3619,15_8,15.08,13.45,15,8,2,F,low,30,14.2,60,16.1,NA,NA
3619,15_8,15.08,13.45,15,8,2,F,low,40,13.96,NA,NA,NA,NA
3619,15_8,15.08,13.45,15,8,2,F,low,60,14.63,NA,NA,NA,NA
3619,15_8,15.08,13.45,15,8,2,F,low,90,14.32,NA,NA,NA,NA
3620,4_17,18.19,15.1,4,17,15,M,per,0,0.9039,0,4.52,6.42,18.36
3620,4_17,18.19,15.1,4,17,15,M,per,2,1.17,2,4.63,NA,NA
3620,4_17,18.19,15.1,4,17,15,M,per,5,2.51,5,6.44,NA,NA
3620,4_17,18.19,15.1,4,17,15,M,per,10,8.09,10,13.71,NA,NA
3620,4_17,18.19,15.1,4,17,15,M,per,16,11.07,30,15.8,NA,NA
3620,4_17,18.19,15.1,4,17,15,M,per,30,13.9,60,16.4,NA,NA
3620,4_17,18.19,15.1,4,17,15,M,per,40,14.26,NA,NA,NA,NA
3620,4_17,18.19,15.1,4,17,15,M,per,60,14.99,NA,NA,NA,NA
3620,4_17,18.19,15.1,4,17,15,M,per,90,15.76,NA,NA,NA,NA
3621,32_11,15.05,12.79,32,11,15,F,low,0,0.8468,0,3.68,6.38,17.67
3621,32_11,15.05,12.79,32,11,15,F,low,2,1.01,2,4.10,NA,NA
3621,32_11,15.05,12.79,32,11,15,F,low,5,2.05,5,5.14,NA,NA
3621,32_11,15.05,12.79,32,11,15,F,low,10,6.68,10,11.96,NA,NA
3621,32_11,15.05,12.79,32,11,15,F,low,16,11.37,30,15.9,NA,NA
3621,32_11,15.05,12.79,32,11,15,F,low,30,13.32,60,16,NA,NA
3621,32_11,15.05,12.79,32,11,15,F,low,40,13.21,NA,NA,NA,NA
3621,32_11,15.05,12.79,32,11,15,F,low,60,13.46,NA,NA,NA,NA
3621,32_11,15.05,12.79,32,11,15,F,low,90,13.74,NA,NA,NA,NA
3622,10_6,19.01,13.95,10,6,15,F,per,0,0.7682,0,4.29,7.03,17.62
3622,10_6,19.01,13.95,10,6,15,F,per,2,1.26,2,4.45,NA,NA
3622,10_6,19.01,13.95,10,6,15,F,per,5,2.65,5,6.01,NA,NA
3622,10_6,19.01,13.95,10,6,15,F,per,10,8.94,10,13.75,NA,NA
3622,10_6,19.01,13.95,10,6,15,F,per,16,11.47,30,16.1,NA,NA
3622,10_6,19.01,13.95,10,6,15,F,per,30,14.06,60,16,NA,NA
3622,10_6,19.01,13.95,10,6,15,F,per,40,15.02,NA,NA,NA,NA
3622,10_6,19.01,13.95,10,6,15,F,per,60,15.07,NA,NA,NA,NA
3622,10_6,19.01,13.95,10,6,15,F,per,90,14.85,NA,NA,NA,NA
3623,32_13,15.05,12.79,32,13,15,M,per,0,0.8732,0,4.16,7.27,18.76
3623,32_13,15.05,12.79,32,13,15,M,per,2,1.16,2,4.35,NA,NA
3623,32_13,15.05,12.79,32,13,15,M,per,5,2.6,5,5.87,NA,NA
3623,32_13,15.05,12.79,32,13,15,M,per,10,8.75,10,13.24,NA,NA
3623,32_13,15.05,12.79,32,13,15,M,per,16,11.81,30,15.4,NA,NA
3623,32_13,15.05,12.79,32,13,15,M,per,30,14.18,60,15.5,NA,NA
3623,32_13,15.05,12.79,32,13,15,M,per,40,13.91,NA,NA,NA,NA
3623,32_13,15.05,12.79,32,13,15,M,per,60,15.6,NA,NA,NA,NA
3623,32_13,15.05,12.79,32,13,15,M,per,90,14.84,NA,NA,NA,NA
3624,10_7,19.01,13.95,10,7,23,F,low,0,0.6946,0,3.78,6.21,16.97
3624,10_7,19.01,13.95,10,7,23,F,low,2,1.83,2,5.32,NA,NA
3624,10_7,19.01,13.95,10,7,23,F,low,5,4.98,5,9.19,NA,NA
3624,10_7,19.01,13.95,10,7,23,F,low,10,11.12,10,16.15,NA,NA
3624,10_7,19.01,13.95,10,7,23,F,low,16,12.8,30,16.5,NA,NA
3624,10_7,19.01,13.95,10,7,23,F,low,30,14.71,60,16.5,NA,NA
3624,10_7,19.01,13.95,10,7,23,F,low,40,14.55,NA,NA,NA,NA
3624,10_7,19.01,13.95,10,7,23,F,low,60,14.48,NA,NA,NA,NA
3624,10_7,19.01,13.95,10,7,23,F,low,90,16.37,NA,NA,NA,NA
3625,10_8,19.01,13.95,10,8,23,M,cont,0,0.8694,0,3.94,7.53,17.66
3625,10_8,19.01,13.95,10,8,23,M,cont,2,1.65,2,4.81,NA,NA
3625,10_8,19.01,13.95,10,8,23,M,cont,5,4.18,5,9.60,NA,NA
3625,10_8,19.01,13.95,10,8,23,M,cont,10,10.55,10,16.14,NA,NA
3625,10_8,19.01,13.95,10,8,23,M,cont,16,11.95,30,16.9,NA,NA
3625,10_8,19.01,13.95,10,8,23,M,cont,30,14.23,60,16.7,NA,NA
3625,10_8,19.01,13.95,10,8,23,M,cont,40,14.22,NA,NA,NA,NA
3625,10_8,19.01,13.95,10,8,23,M,cont,60,12.92,NA,NA,NA,NA
3625,10_8,19.01,13.95,10,8,23,M,cont,90,14.35,NA,NA,NA,NA
3626,13_18,15.71,15.03,13,18,23,NA,cont,0,0.7814,0,3.50,6.67,17.19
3626,13_18,15.71,15.03,13,18,23,NA,cont,2,1.67,2,4.58,NA,NA
3626,13_18,15.71,15.03,13,18,23,NA,cont,5,3.3,5,7.69,NA,NA
3626,13_18,15.71,15.03,13,18,23,NA,cont,10,10.51,10,15.63,NA,NA
3626,13_18,15.71,15.03,13,18,23,NA,cont,16,12.21,30,NA,NA,NA
3626,13_18,15.71,15.03,13,18,23,NA,cont,30,NA,60,NA,NA,NA
3626,13_18,15.71,15.03,13,18,23,NA,cont,40,NA,NA,NA,NA,NA
3626,13_18,15.71,15.03,13,18,23,NA,cont,60,NA,NA,NA,NA,NA
3626,13_18,15.71,15.03,13,18,23,NA,cont,90,NA,NA,NA,NA,NA
3627,19_16,15.16,12.33,19,16,19,M,per,0,0.8352,0,3.96,6.71,19.05
3627,19_16,15.16,12.33,19,16,19,M,per,2,1.6,2,4.28,NA,NA
3627,19_16,15.16,12.33,19,16,19,M,per,5,3.69,5,6.02,NA,NA
3627,19_16,15.16,12.33,19,16,19,M,per,10,10.34,10,13.80,NA,NA
3627,19_16,15.16,12.33,19,16,19,M,per,16,12.07,30,16.2,NA,NA
3627,19_16,15.16,12.33,19,16,19,M,per,30,13.57,60,16.3,NA,NA
3627,19_16,15.16,12.33,19,16,19,M,per,40,13.49,NA,NA,NA,NA
3627,19_16,15.16,12.33,19,16,19,M,per,60,13.6,NA,NA,NA,NA
3627,19_16,15.16,12.33,19,16,19,M,per,90,12.3,NA,NA,NA,NA
3628,19_17,15.16,12.33,19,17,19,F,low,0,0.8869,0,3.62,6.45,17.32
3628,19_17,15.16,12.33,19,17,19,F,low,2,1.79,2,5.13,NA,NA
3628,19_17,15.16,12.33,19,17,19,F,low,5,NA,5,NA,NA,NA
3628,19_17,15.16,12.33,19,17,19,F,low,10,10.59,10,16.55,NA,NA
3628,19_17,15.16,12.33,19,17,19,F,low,16,12.59,30,16.1,NA,NA
3628,19_17,15.16,12.33,19,17,19,F,low,30,14.31,60,16,NA,NA
3628,19_17,15.16,12.33,19,17,19,F,low,40,14.05,NA,NA,NA,NA
3628,19_17,15.16,12.33,19,17,19,F,low,60,15.06,NA,NA,NA,NA
3628,19_17,15.16,12.33,19,17,19,F,low,90,14.88,NA,NA,NA,NA
3629,23_4,14.57,14.78,23,4,19,M,low,0,0.7938,0,3.82,6.68,19.20
3629,23_4,14.57,14.78,23,4,19,M,low,2,1.74,2,4.78,NA,NA
3629,23_4,14.57,14.78,23,4,19,M,low,5,NA,5,NA,NA,NA
3629,23_4,14.57,14.78,23,4,19,M,low,10,10.01,10,14.72,NA,NA
3629,23_4,14.57,14.78,23,4,19,M,low,16,12.61,30,16.9,NA,NA
3629,23_4,14.57,14.78,23,4,19,M,low,30,13.42,60,16.8,NA,NA
3629,23_4,14.57,14.78,23,4,19,M,low,40,13.55,NA,NA,NA,NA
3629,23_4,14.57,14.78,23,4,19,M,low,60,14.51,NA,NA,NA,NA
3629,23_4,14.57,14.78,23,4,19,M,low,90,13.96,NA,NA,NA,NA
3630,23_5,14.57,14.78,23,5,19,F,cont,0,0.7883,0,3.81,6.98,17.27
3630,23_5,14.57,14.78,23,5,19,F,cont,2,1.68,2,4.43,NA,NA
3630,23_5,14.57,14.78,23,5,19,F,cont,5,3.83,5,7.92,NA,NA
3630,23_5,14.57,14.78,23,5,19,F,cont,10,10.24,10,16.00,NA,NA
3630,23_5,14.57,14.78,23,5,19,F,cont,16,12.97,30,17,NA,NA
3630,23_5,14.57,14.78,23,5,19,F,cont,30,13.19,60,17,NA,NA
3630,23_5,14.57,14.78,23,5,19,F,cont,40,13.38,NA,NA,NA,NA
3630,23_5,14.57,14.78,23,5,19,F,cont,60,14.71,NA,NA,NA,NA
3630,23_5,14.57,14.78,23,5,19,F,cont,90,14.06,NA,NA,NA,NA
3631,13_20,15.71,15.03,13,20,26,M,low,0,0.8731,0,3.94,6.58,17.68
3631,13_20,15.71,15.03,13,20,26,M,low,2,1.28,2,4.07,NA,NA
3631,13_20,15.71,15.03,13,20,26,M,low,5,3.92,5,7.70,NA,NA
3631,13_20,15.71,15.03,13,20,26,M,low,10,10.09,10,14.36,NA,NA
3631,13_20,15.71,15.03,13,20,26,M,low,16,12.63,30,17.2,NA,NA
3631,13_20,15.71,15.03,13,20,26,M,low,30,15.24,60,17,NA,NA
3631,13_20,15.71,15.03,13,20,26,M,low,40,14.65,NA,NA,NA,NA
3631,13_20,15.71,15.03,13,20,26,M,low,60,14.88,NA,NA,NA,NA
3631,13_20,15.71,15.03,13,20,26,M,low,90,15.56,NA,NA,NA,NA
3632,14_19,13.9,13.36,14,19,26,M,cont,0,0.7054,0,3.20,6.21,17.28
3632,14_19,13.9,13.36,14,19,26,M,cont,2,1.11,2,4.20,NA,NA
3632,14_19,13.9,13.36,14,19,26,M,cont,5,3.49,5,6.92,NA,NA
3632,14_19,13.9,13.36,14,19,26,M,cont,10,9.58,10,14.29,NA,NA
3632,14_19,13.9,13.36,14,19,26,M,cont,16,12.26,30,15.9,NA,NA
3632,14_19,13.9,13.36,14,19,26,M,cont,30,13.52,60,16,NA,NA
3632,14_19,13.9,13.36,14,19,26,M,cont,40,12.85,NA,NA,NA,NA
3632,14_19,13.9,13.36,14,19,26,M,cont,60,12.58,NA,NA,NA,NA
3632,14_19,13.9,13.36,14,19,26,M,cont,90,13.58,NA,NA,NA,NA
3633,13_21,15.71,15.03,13,21,26,F,cont,0,0.8834,0,3.85,6.81,18.73
3633,13_21,15.71,15.03,13,21,26,F,cont,2,1.41,2,NA,NA,NA
3633,13_21,15.71,15.03,13,21,26,F,cont,5,3.87,5,7.10,NA,NA
3633,13_21,15.71,15.03,13,21,26,F,cont,10,9.8,10,15.81,NA,NA
3633,13_21,15.71,15.03,13,21,26,F,cont,16,12.21,30,16.1,NA,NA
3633,13_21,15.71,15.03,13,21,26,F,cont,30,14.19,60,16.5,NA,NA
3633,13_21,15.71,15.03,13,21,26,F,cont,40,14.34,NA,NA,NA,NA
3633,13_21,15.71,15.03,13,21,26,F,cont,60,15.39,NA,NA,NA,NA
3633,13_21,15.71,15.03,13,21,26,F,cont,90,15.3,NA,NA,NA,NA
3634,23_6,14.57,14.78,23,6,13,F,per,0,0.7731,0,3.35,6.95,17.85
3634,23_6,14.57,14.78,23,6,13,F,per,2,1.4,2,4.35,NA,NA
3634,23_6,14.57,14.78,23,6,13,F,per,5,2.95,5,6.83,NA,NA
3634,23_6,14.57,14.78,23,6,13,F,per,10,9,10,13.25,NA,NA
3634,23_6,14.57,14.78,23,6,13,F,per,16,12.17,30,16.2,NA,NA
3634,23_6,14.57,14.78,23,6,13,F,per,30,13.51,60,16.4,NA,NA
3634,23_6,14.57,14.78,23,6,13,F,per,40,13.56,NA,NA,NA,NA
3634,23_6,14.57,14.78,23,6,13,F,per,60,14.12,NA,NA,NA,NA
3634,23_6,14.57,14.78,23,6,13,F,per,90,14.45,NA,NA,NA,NA
3635,26_7,15.14,13.83,26,7,13,M,low,0,0.8928,0,3.77,NA,18.21
3635,26_7,15.14,13.83,26,7,13,M,low,2,1.27,2,4.48,NA,NA
3635,26_7,15.14,13.83,26,7,13,M,low,5,3.57,5,7.54,NA,NA
3635,26_7,15.14,13.83,26,7,13,M,low,10,8.54,10,13.14,NA,NA
3635,26_7,15.14,13.83,26,7,13,M,low,16,11.62,30,15.7,NA,NA
3635,26_7,15.14,13.83,26,7,13,M,low,30,13.14,60,16,NA,NA
3635,26_7,15.14,13.83,26,7,13,M,low,40,13.64,NA,NA,NA,NA
3635,26_7,15.14,13.83,26,7,13,M,low,60,13.77,NA,NA,NA,NA
3635,26_7,15.14,13.83,26,7,13,M,low,90,14.43,NA,NA,NA,NA
3636,23_7,14.57,14.78,23,7,13,F,low,0,0.8561,0,3.73,6.82,16.86
3636,23_7,14.57,14.78,23,7,13,F,low,2,1.13,2,4.70,NA,NA
3636,23_7,14.57,14.78,23,7,13,F,low,5,2.7,5,6.17,NA,NA
3636,23_7,14.57,14.78,23,7,13,F,low,10,8.08,10,13.29,NA,NA
3636,23_7,14.57,14.78,23,7,13,F,low,16,11.63,30,16.3,NA,NA
3636,23_7,14.57,14.78,23,7,13,F,low,30,12.69,60,16.4,NA,NA
3636,23_7,14.57,14.78,23,7,13,F,low,40,13.54,NA,NA,NA,NA
3636,23_7,14.57,14.78,23,7,13,F,low,60,13.85,NA,NA,NA,NA
3636,23_7,14.57,14.78,23,7,13,F,low,90,14.17,NA,NA,NA,NA
3637,26_8,15.14,13.83,26,8,13,M,cont,0,0.7902,0,3.65,5.98,18.95
3637,26_8,15.14,13.83,26,8,13,M,cont,2,1.64,2,5.16,NA,NA
3637,26_8,15.14,13.83,26,8,13,M,cont,5,4.46,5,8.57,NA,NA
3637,26_8,15.14,13.83,26,8,13,M,cont,10,10.42,10,14.75,NA,NA
3637,26_8,15.14,13.83,26,8,13,M,cont,16,11.42,30,15.6,NA,NA
3637,26_8,15.14,13.83,26,8,13,M,cont,30,13.47,60,15.6,NA,NA
3637,26_8,15.14,13.83,26,8,13,M,cont,40,13.32,NA,NA,NA,NA
3637,26_8,15.14,13.83,26,8,13,M,cont,60,13.46,NA,NA,NA,NA
3637,26_8,15.14,13.83,26,8,13,M,cont,90,13.52,NA,NA,NA,NA
3638,13_22,15.71,15.03,13,22,13,F,per,0,0.8569,0,4.06,7.04,16.97
3638,13_22,15.71,15.03,13,22,13,F,per,2,1.34,2,4.10,NA,NA
3638,13_22,15.71,15.03,13,22,13,F,per,5,3.5,5,8.45,NA,NA
3638,13_22,15.71,15.03,13,22,13,F,per,10,9.26,10,14.97,NA,NA
3638,13_22,15.71,15.03,13,22,13,F,per,16,12.49,30,16.6,NA,NA
3638,13_22,15.71,15.03,13,22,13,F,per,30,13.57,60,16.5,NA,NA
3638,13_22,15.71,15.03,13,22,13,F,per,40,13.79,NA,NA,NA,NA
3638,13_22,15.71,15.03,13,22,13,F,per,60,13.42,NA,NA,NA,NA
3638,13_22,15.71,15.03,13,22,13,F,per,90,13.13,NA,NA,NA,NA
3639,14_21,13.9,13.36,14,21,3,F,low,0,0.738,0,3.54,6.30,17.34
3639,14_21,13.9,13.36,14,21,3,F,low,2,1.51,2,4.49,NA,NA
3639,14_21,13.9,13.36,14,21,3,F,low,5,3.42,5,7.19,NA,NA
3639,14_21,13.9,13.36,14,21,3,F,low,10,10.85,10,15.49,NA,NA
3639,14_21,13.9,13.36,14,21,3,F,low,16,12.45,30,16,NA,NA
3639,14_21,13.9,13.36,14,21,3,F,low,30,12.92,60,16.3,NA,NA
3639,14_21,13.9,13.36,14,21,3,F,low,40,14.1,NA,NA,NA,NA
3639,14_21,13.9,13.36,14,21,3,F,low,60,14.49,NA,NA,NA,NA
3639,14_21,13.9,13.36,14,21,3,F,low,90,15.28,NA,NA,NA,NA
3640,26_9,15.14,13.83,26,9,3,M,per,0,0.6684,0,3.41,6.29,17.35
3640,26_9,15.14,13.83,26,9,3,M,per,2,1.32,2,4.98,NA,NA
3640,26_9,15.14,13.83,26,9,3,M,per,5,3.83,5,7.88,NA,NA
3640,26_9,15.14,13.83,26,9,3,M,per,10,9.33,10,15.20,NA,NA
3640,26_9,15.14,13.83,26,9,3,M,per,16,11.77,30,16,NA,NA
3640,26_9,15.14,13.83,26,9,3,M,per,30,13.39,60,16.2,NA,NA
3640,26_9,15.14,13.83,26,9,3,M,per,40,13.49,NA,NA,NA,NA
3640,26_9,15.14,13.83,26,9,3,M,per,60,14.32,NA,NA,NA,NA
3640,26_9,15.14,13.83,26,9,3,M,per,90,14.01,NA,NA,NA,NA
3641,14_22,13.9,13.36,14,22,3,F,cont,0,0.6805,0,3.47,6.84,17.71
3641,14_22,13.9,13.36,14,22,3,F,cont,2,1.48,2,4.46,NA,NA
3641,14_22,13.9,13.36,14,22,3,F,cont,5,4.19,5,7.66,NA,NA
3641,14_22,13.9,13.36,14,22,3,F,cont,10,11.06,10,15.65,NA,NA
3641,14_22,13.9,13.36,14,22,3,F,cont,16,12.83,30,15.7,NA,NA
3641,14_22,13.9,13.36,14,22,3,F,cont,30,13.72,60,16.5,NA,NA
3641,14_22,13.9,13.36,14,22,3,F,cont,40,13.71,NA,NA,NA,NA
3641,14_22,13.9,13.36,14,22,3,F,cont,60,14.09,NA,NA,NA,NA
3641,14_22,13.9,13.36,14,22,3,F,cont,90,13.8,NA,NA,NA,NA
3642,26_11,15.14,13.83,26,11,3,M,cont,0,0.952,0,3.67,6.51,18.70
3642,26_11,15.14,13.83,26,11,3,M,cont,2,1.61,2,4.93,NA,NA
3642,26_11,15.14,13.83,26,11,3,M,cont,5,5.58,5,9.71,NA,NA
3642,26_11,15.14,13.83,26,11,3,M,cont,10,8.75,10,16.06,NA,NA
3642,26_11,15.14,13.83,26,11,3,M,cont,16,11.45,30,15.8,NA,NA
3642,26_11,15.14,13.83,26,11,3,M,cont,30,13.2,60,15.9,NA,NA
3642,26_11,15.14,13.83,26,11,3,M,cont,40,12.81,NA,NA,NA,NA
3642,26_11,15.14,13.83,26,11,3,M,cont,60,13.31,NA,NA,NA,NA
3642,26_11,15.14,13.83,26,11,3,M,cont,90,12.81,NA,NA,NA,NA
3646,5_3,15.12,16.35,5,3,7,M,cont,0,0.8797,0,3.94,7.27,18.77
3646,5_3,15.12,16.35,5,3,7,M,cont,2,1.61,2,4.72,NA,NA
3646,5_3,15.12,16.35,5,3,7,M,cont,5,3.28,5,7.10,NA,NA
3646,5_3,15.12,16.35,5,3,7,M,cont,10,8.76,10,14.70,NA,NA
3646,5_3,15.12,16.35,5,3,7,M,cont,16,12.46,30,15.5,NA,NA
3646,5_3,15.12,16.35,5,3,7,M,cont,30,13.85,60,15.8,NA,NA
3646,5_3,15.12,16.35,5,3,7,M,cont,40,13.77,NA,NA,NA,NA
3646,5_3,15.12,16.35,5,3,7,M,cont,60,14.24,NA,NA,NA,NA
3646,5_3,15.12,16.35,5,3,7,M,cont,90,14.09,NA,NA,NA,NA
3647,7_2,17.75,15.24,7,2,7,F,cont,0,0.7118,0,3.83,5.89,15.84
3647,7_2,17.75,15.24,7,2,7,F,cont,2,1.37,2,4.77,NA,NA
3647,7_2,17.75,15.24,7,2,7,F,cont,5,2.18,5,6.12,NA,NA
3647,7_2,17.75,15.24,7,2,7,F,cont,10,7.48,10,13.07,NA,NA
3647,7_2,17.75,15.24,7,2,7,F,cont,16,12.17,30,16.7,NA,NA
3647,7_2,17.75,15.24,7,2,7,F,cont,30,14.22,60,16.8,NA,NA
3647,7_2,17.75,15.24,7,2,7,F,cont,40,13.69,NA,NA,NA,NA
3647,7_2,17.75,15.24,7,2,7,F,cont,60,14.74,NA,NA,NA,NA
3647,7_2,17.75,15.24,7,2,7,F,cont,90,13.71,NA,NA,NA,NA
3648,5_4,15.12,16.35,5,4,7,M,per,0,0.8905,0,3.61,7.37,18.18
3648,5_4,15.12,16.35,5,4,7,M,per,2,1.23,2,4.30,NA,NA
3648,5_4,15.12,16.35,5,4,7,M,per,5,1.78,5,5.17,NA,NA
3648,5_4,15.12,16.35,5,4,7,M,per,10,6.84,10,11.13,NA,NA
3648,5_4,15.12,16.35,5,4,7,M,per,16,11.27,30,15.1,NA,NA
3648,5_4,15.12,16.35,5,4,7,M,per,30,13.72,60,15.3,NA,NA
3648,5_4,15.12,16.35,5,4,7,M,per,40,13.67,NA,NA,NA,NA
3648,5_4,15.12,16.35,5,4,7,M,per,60,13.87,NA,NA,NA,NA
3648,5_4,15.12,16.35,5,4,7,M,per,90,13.11,NA,NA,NA,NA
3649,7_3,17.75,15.24,7,3,25,F,per,0,0.7118,0,3.31,6.44,17.90
3649,7_3,17.75,15.24,7,3,25,F,per,2,1.17,2,3.86,NA,NA
3649,7_3,17.75,15.24,7,3,25,F,per,5,3.34,5,7.01,NA,NA
3649,7_3,17.75,15.24,7,3,25,F,per,10,8.99,10,13.51,NA,NA
3649,7_3,17.75,15.24,7,3,25,F,per,16,11.71,30,15.3,NA,NA
3649,7_3,17.75,15.24,7,3,25,F,per,30,13.77,60,15.6,NA,NA
3649,7_3,17.75,15.24,7,3,25,F,per,40,13.57,NA,NA,NA,NA
3649,7_3,17.75,15.24,7,3,25,F,per,60,15.16,NA,NA,NA,NA
3649,7_3,17.75,15.24,7,3,25,F,per,90,13.68,NA,NA,NA,NA
3650,7_4,17.75,15.24,7,4,25,M,low,0,0.7834,0,3.74,6.88,17.37
3650,7_4,17.75,15.24,7,4,25,M,low,2,1.39,2,4.57,NA,NA
3650,7_4,17.75,15.24,7,4,25,M,low,5,3.41,5,6.88,NA,NA
3650,7_4,17.75,15.24,7,4,25,M,low,10,10.14,10,14.60,NA,NA
3650,7_4,17.75,15.24,7,4,25,M,low,16,12.75,30,16,NA,NA
3650,7_4,17.75,15.24,7,4,25,M,low,30,14.42,60,16.3,NA,NA
3650,7_4,17.75,15.24,7,4,25,M,low,40,14.44,NA,NA,NA,NA
3650,7_4,17.75,15.24,7,4,25,M,low,60,15.03,NA,NA,NA,NA
3650,7_4,17.75,15.24,7,4,25,M,low,90,15.2,NA,NA,NA,NA
3651,25_3,17.7,15.67,25,3,25,M,low,0,0.8745,0,3.90,7.15,18.94
3651,25_3,17.7,15.67,25,3,25,M,low,2,1.94,2,5.11,NA,NA
3651,25_3,17.7,15.67,25,3,25,M,low,5,4.4,5,5.39,NA,NA
3651,25_3,17.7,15.67,25,3,25,M,low,10,11.98,10,17.50,NA,NA
3651,25_3,17.7,15.67,25,3,25,M,low,16,13.78,30,16.8,NA,NA
3651,25_3,17.7,15.67,25,3,25,M,low,30,15.59,60,16.8,NA,NA
3651,25_3,17.7,15.67,25,3,25,M,low,40,15.15,NA,NA,NA,NA
3651,25_3,17.7,15.67,25,3,25,M,low,60,15.38,NA,NA,NA,NA
3651,25_3,17.7,15.67,25,3,25,M,low,90,16.52,NA,NA,NA,NA
3652,7_7,17.75,15.24,7,7,25,M,cont,0,0.6502,0,NA,NA,NA
3652,7_7,17.75,15.24,7,7,25,M,cont,2,1.25,2,NA,NA,NA
3652,7_7,17.75,15.24,7,7,25,M,cont,5,3.24,5,NA,NA,NA
3652,7_7,17.75,15.24,7,7,25,M,cont,10,8.63,10,NA,NA,NA
3652,7_7,17.75,15.24,7,7,25,M,cont,16,11.95,30,15.2,NA,NA
3652,7_7,17.75,15.24,7,7,25,M,cont,30,14.52,60,15.5,NA,NA
3652,7_7,17.75,15.24,7,7,25,M,cont,40,14.1,NA,NA,NA,NA
3652,7_7,17.75,15.24,7,7,25,M,cont,60,14.67,NA,NA,NA,NA
3652,7_7,17.75,15.24,7,7,25,M,cont,90,14.16,NA,NA,NA,NA
3653,25_4,17.7,15.67,25,4,31,M,cont,0,1.0226,0,4.81,7.27,20.34
3653,25_4,17.7,15.67,25,4,31,M,cont,2,2.01,2,5.23,NA,NA
3653,25_4,17.7,15.67,25,4,31,M,cont,5,4.64,5,9.29,NA,NA
3653,25_4,17.7,15.67,25,4,31,M,cont,10,10.68,10,14.20,NA,NA
3653,25_4,17.7,15.67,25,4,31,M,cont,16,11.97,30,16.7,NA,NA
3653,25_4,17.7,15.67,25,4,31,M,cont,30,14.63,60,16.8,NA,NA
3653,25_4,17.7,15.67,25,4,31,M,cont,40,14.13,NA,NA,NA,NA
3653,25_4,17.7,15.67,25,4,31,M,cont,60,14.44,NA,NA,NA,NA
3653,25_4,17.7,15.67,25,4,31,M,cont,90,14.23,NA,NA,NA,NA
3654,31_11,15.12,14.19,31,11,31,M,per,0,0.7287,0,3.84,6.73,17.15
3654,31_11,15.12,14.19,31,11,31,M,per,2,0.86,2,4.18,NA,NA
3654,31_11,15.12,14.19,31,11,31,M,per,5,1.86,5,4.98,NA,NA
3654,31_11,15.12,14.19,31,11,31,M,per,10,5.78,10,11.75,NA,NA
3654,31_11,15.12,14.19,31,11,31,M,per,16,10.44,30,15.1,NA,NA
3654,31_11,15.12,14.19,31,11,31,M,per,30,12.35,60,15.5,NA,NA
3654,31_11,15.12,14.19,31,11,31,M,per,40,12.78,NA,NA,NA,NA
3654,31_11,15.12,14.19,31,11,31,M,per,60,12.78,NA,NA,NA,NA
3654,31_11,15.12,14.19,31,11,31,M,per,90,12.84,NA,NA,NA,NA
3655,4_20,18.19,15.1,4,20,31,M,cont,0,0.8632,0,3.23,6.99,19.14
3655,4_20,18.19,15.1,4,20,31,M,cont,2,1.4,2,4.30,NA,NA
3655,4_20,18.19,15.1,4,20,31,M,cont,5,3.37,5,7.10,NA,NA
3655,4_20,18.19,15.1,4,20,31,M,cont,10,10.13,10,14.54,NA,NA
3655,4_20,18.19,15.1,4,20,31,M,cont,16,12.48,30,15.6,NA,NA
3655,4_20,18.19,15.1,4,20,31,M,cont,30,14.29,60,15.5,NA,NA
3655,4_20,18.19,15.1,4,20,31,M,cont,40,14.47,NA,NA,NA,NA
3655,4_20,18.19,15.1,4,20,31,M,cont,60,15.63,NA,NA,NA,NA
3655,4_20,18.19,15.1,4,20,31,M,cont,90,14.5,NA,NA,NA,NA
3656,4_22,18.19,15.1,4,22,18,F,low,0,0.8367,0,3.06,6.82,17.03
3656,4_22,18.19,15.1,4,22,18,F,low,2,1.68,2,4.40,NA,NA
3656,4_22,18.19,15.1,4,22,18,F,low,5,3.79,5,6.86,NA,NA
3656,4_22,18.19,15.1,4,22,18,F,low,10,8.93,10,12.62,NA,NA
3656,4_22,18.19,15.1,4,22,18,F,low,16,12.15,30,15.4,NA,NA
3656,4_22,18.19,15.1,4,22,18,F,low,30,13.93,60,15.7,NA,NA
3656,4_22,18.19,15.1,4,22,18,F,low,40,13.75,NA,NA,NA,NA
3656,4_22,18.19,15.1,4,22,18,F,low,60,14.77,NA,NA,NA,NA
3656,4_22,18.19,15.1,4,22,18,F,low,90,15.19,NA,NA,NA,NA
3657,32_18,15.05,12.79,32,18,18,F,low,0,0.8768,0,3.73,7.12,17.57
3657,32_18,15.05,12.79,32,18,18,F,low,2,1.19,2,3.97,NA,NA
3657,32_18,15.05,12.79,32,18,18,F,low,5,2.8,5,6.05,NA,NA
3657,32_18,15.05,12.79,32,18,18,F,low,10,7.74,10,14.96,NA,NA
3657,32_18,15.05,12.79,32,18,18,F,low,16,11.42,30,15.9,NA,NA
3657,32_18,15.05,12.79,32,18,18,F,low,30,13.64,60,16.2,NA,NA
3657,32_18,15.05,12.79,32,18,18,F,low,40,13.38,NA,NA,NA,NA
3657,32_18,15.05,12.79,32,18,18,F,low,60,13.59,NA,NA,NA,NA
3657,32_18,15.05,12.79,32,18,18,F,low,90,13.35,NA,NA,NA,NA
3658,32_17,15.05,12.79,32,17,18,F,per,0,0.8449,0,3.28,7.47,20.05
3658,32_17,15.05,12.79,32,17,18,F,per,2,1.34,2,4.43,NA,NA
3658,32_17,15.05,12.79,32,17,18,F,per,5,3.42,5,6.77,NA,NA
3658,32_17,15.05,12.79,32,17,18,F,per,10,9.46,10,15.07,NA,NA
3658,32_17,15.05,12.79,32,17,18,F,per,16,11.43,30,16.1,NA,NA
3658,32_17,15.05,12.79,32,17,18,F,per,30,14.29,60,16.2,NA,NA
3658,32_17,15.05,12.79,32,17,18,F,per,40,13.71,NA,NA,NA,NA
3658,32_17,15.05,12.79,32,17,18,F,per,60,13.88,NA,NA,NA,NA
3658,32_17,15.05,12.79,32,17,18,F,per,90,13.49,NA,NA,NA,NA
3659,32_19,15.05,12.79,32,19,18,M,cont,0,0.8032,0,3.71,6.23,17.56
3659,32_19,15.05,12.79,32,19,18,M,cont,2,1.33,2,4.84,NA,NA
3659,32_19,15.05,12.79,32,19,18,M,cont,5,2.84,5,7.70,NA,NA
3659,32_19,15.05,12.79,32,19,18,M,cont,10,8.32,10,13.91,NA,NA
3659,32_19,15.05,12.79,32,19,18,M,cont,16,10.91,30,16.4,NA,NA
3659,32_19,15.05,12.79,32,19,18,M,cont,30,13.17,60,16.1,NA,NA
3659,32_19,15.05,12.79,32,19,18,M,cont,40,13.4,NA,NA,NA,NA
3659,32_19,15.05,12.79,32,19,18,M,cont,60,13.01,NA,NA,NA,NA
3659,32_19,15.05,12.79,32,19,18,M,cont,90,13.21,NA,NA,NA,NA
3660,17_24,16.07,14.71,17,24,18,F,cont,0,0.9413,0,3.46,6.70,17.87
3660,17_24,16.07,14.71,17,24,18,F,cont,2,1.36,2,4.73,NA,NA
3660,17_24,16.07,14.71,17,24,18,F,cont,5,3.64,5,7.64,NA,NA
3660,17_24,16.07,14.71,17,24,18,F,cont,10,8.91,10,14.27,NA,NA
3660,17_24,16.07,14.71,17,24,18,F,cont,16,12.08,30,16.3,NA,NA
3660,17_24,16.07,14.71,17,24,18,F,cont,30,13.32,60,16.4,NA,NA
3660,17_24,16.07,14.71,17,24,18,F,cont,40,12.95,NA,NA,NA,NA
3660,17_24,16.07,14.71,17,24,18,F,cont,60,13.33,NA,NA,NA,NA
3660,17_24,16.07,14.71,17,24,18,F,cont,90,13.06,NA,NA,NA,NA
3661,17_25,16.07,14.71,17,25,11,M,per,0,0.9022,0,3.59,7.17,18.02
3661,17_25,16.07,14.71,17,25,11,M,per,2,1.47,2,4.55,NA,NA
3661,17_25,16.07,14.71,17,25,11,M,per,5,3.65,5,7.81,NA,NA
3661,17_25,16.07,14.71,17,25,11,M,per,10,11.22,10,11.44,NA,NA
3661,17_25,16.07,14.71,17,25,11,M,per,16,12.28,30,16.3,NA,NA
3661,17_25,16.07,14.71,17,25,11,M,per,30,13.5,60,16.2,NA,NA
3661,17_25,16.07,14.71,17,25,11,M,per,40,13.22,NA,NA,NA,NA
3661,17_25,16.07,14.71,17,25,11,M,per,60,13.1,NA,NA,NA,NA
3661,17_25,16.07,14.71,17,25,11,M,per,90,13.48,NA,NA,NA,NA
3663,4_25,18.19,15.1,4,25,11,F,low,0,0.9688,0,4.37,7.10,18.06
3663,4_25,18.19,15.1,4,25,11,F,low,2,1.22,2,5.14,NA,NA
3663,4_25,18.19,15.1,4,25,11,F,low,5,2.83,5,6.50,NA,NA
3663,4_25,18.19,15.1,4,25,11,F,low,10,8.92,10,12.98,NA,NA
3663,4_25,18.19,15.1,4,25,11,F,low,16,12.97,30,15.7,NA,NA
3663,4_25,18.19,15.1,4,25,11,F,low,30,14.61,60,15.5,NA,NA
3663,4_25,18.19,15.1,4,25,11,F,low,40,14.83,NA,NA,NA,NA
3663,4_25,18.19,15.1,4,25,11,F,low,60,15.02,NA,NA,NA,NA
3663,4_25,18.19,15.1,4,25,11,F,low,90,15.83,NA,NA,NA,NA
3664,17_26,16.07,14.71,17,26,11,M,low,0,0.9397,0,4.15,6.18,19.66
3664,17_26,16.07,14.71,17,26,11,M,low,2,0.98,2,4.27,NA,NA
3664,17_26,16.07,14.71,17,26,11,M,low,5,2.33,5,6.17,NA,NA
3664,17_26,16.07,14.71,17,26,11,M,low,10,8.13,10,12.19,NA,NA
3664,17_26,16.07,14.71,17,26,11,M,low,16,11.87,30,16.3,NA,NA
3664,17_26,16.07,14.71,17,26,11,M,low,30,13.69,60,16.3,NA,NA
3664,17_26,16.07,14.71,17,26,11,M,low,40,13.14,NA,NA,NA,NA
3664,17_26,16.07,14.71,17,26,11,M,low,60,13.75,NA,NA,NA,NA
3664,17_26,16.07,14.71,17,26,11,M,low,90,13.96,NA,NA,NA,NA
3665,17_28,16.07,14.71,17,28,16,F,per,0,0.9486,0,4.30,6.89,18.12
3665,17_28,16.07,14.71,17,28,16,F,per,2,1.44,2,4.89,NA,NA
3665,17_28,16.07,14.71,17,28,16,F,per,5,3.6,5,7.16,NA,NA
3665,17_28,16.07,14.71,17,28,16,F,per,10,8.33,10,15.29,NA,NA
3665,17_28,16.07,14.71,17,28,16,F,per,16,11.46,30,16,NA,NA
3665,17_28,16.07,14.71,17,28,16,F,per,30,13.23,60,16,NA,NA
3665,17_28,16.07,14.71,17,28,16,F,per,40,13.37,NA,NA,NA,NA
3665,17_28,16.07,14.71,17,28,16,F,per,60,13.2,NA,NA,NA,NA
3665,17_28,16.07,14.71,17,28,16,F,per,90,13.03,NA,NA,NA,NA
3666,11_9,16.81,16.46,11,9,16,F,low,0,0.9395,0,3.56,6.72,19.68
3666,11_9,16.81,16.46,11,9,16,F,low,2,1.37,2,4.33,NA,NA
3666,11_9,16.81,16.46,11,9,16,F,low,5,4.33,5,8.28,NA,NA
3666,11_9,16.81,16.46,11,9,16,F,low,10,8.19,10,14.63,NA,NA
3666,11_9,16.81,16.46,11,9,16,F,low,16,11.7,30,16.8,NA,NA
3666,11_9,16.81,16.46,11,9,16,F,low,30,13.95,60,16.9,NA,NA
3666,11_9,16.81,16.46,11,9,16,F,low,40,14.13,NA,NA,NA,NA
3666,11_9,16.81,16.46,11,9,16,F,low,60,15.23,NA,NA,NA,NA
3666,11_9,16.81,16.46,11,9,16,F,low,90,17.25,NA,NA,NA,NA
3667,11_8,16.81,16.46,11,8,16,M,per,0,0.7026,0,3.27,6.66,18.28
3667,11_8,16.81,16.46,11,8,16,M,per,2,1.54,2,4.64,NA,NA
3667,11_8,16.81,16.46,11,8,16,M,per,5,3.53,5,6.61,NA,NA
3667,11_8,16.81,16.46,11,8,16,M,per,10,8.07,10,14.36,NA,NA
3667,11_8,16.81,16.46,11,8,16,M,per,16,12.08,30,17.2,NA,NA
3667,11_8,16.81,16.46,11,8,16,M,per,30,14.25,60,16.9,NA,NA
3667,11_8,16.81,16.46,11,8,16,M,per,40,14.55,NA,NA,NA,NA
3667,11_8,16.81,16.46,11,8,16,M,per,60,15.58,NA,NA,NA,NA
3667,11_8,16.81,16.46,11,8,16,M,per,90,16.83,NA,NA,NA,NA
3668,16_18,15.36,16.96,16,18,16,F,per,0,0.7544,0,3.80,6.71,17.33
3668,16_18,15.36,16.96,16,18,16,F,per,2,1.22,2,4.10,NA,NA
3668,16_18,15.36,16.96,16,18,16,F,per,5,4.1,5,6.06,NA,NA
3668,16_18,15.36,16.96,16,18,16,F,per,10,6.88,10,13.00,NA,NA
3668,16_18,15.36,16.96,16,18,16,F,per,16,10.35,30,15.9,NA,NA
3668,16_18,15.36,16.96,16,18,16,F,per,30,12.72,60,16,NA,NA
3668,16_18,15.36,16.96,16,18,16,F,per,40,13.57,NA,NA,NA,NA
3668,16_18,15.36,16.96,16,18,16,F,per,60,12.94,NA,NA,NA,NA
3668,16_18,15.36,16.96,16,18,16,F,per,90,12.52,NA,NA,NA,NA
3669,11_10,16.81,16.46,11,10,16,F,cont,0,0.9195,0,4.04,7.11,18.20
3669,11_10,16.81,16.46,11,10,16,F,cont,2,1.24,2,4.30,NA,NA
3669,11_10,16.81,16.46,11,10,16,F,cont,5,3.74,5,6.37,NA,NA
3669,11_10,16.81,16.46,11,10,16,F,cont,10,6.09,10,12.25,NA,NA
3669,11_10,16.81,16.46,11,10,16,F,cont,16,12.01,30,16.3,NA,NA
3669,11_10,16.81,16.46,11,10,16,F,cont,30,14.51,60,16.6,NA,NA
3669,11_10,16.81,16.46,11,10,16,F,cont,40,15.15,NA,NA,NA,NA
3669,11_10,16.81,16.46,11,10,16,F,cont,60,17.02,NA,NA,NA,NA
3669,11_10,16.81,16.46,11,10,16,F,cont,90,19.52,NA,NA,NA,NA
3670,11_11,16.81,16.46,11,11,9,M,per,0,0.9262,0,3.62,7.88,18.14
3670,11_11,16.81,16.46,11,11,9,M,per,2,1.97,2,4.54,NA,NA
3670,11_11,16.81,16.46,11,11,9,M,per,5,3.07,5,6.06,NA,NA
3670,11_11,16.81,16.46,11,11,9,M,per,10,6.14,10,12.74,NA,NA
3670,11_11,16.81,16.46,11,11,9,M,per,16,10.14,30,16.7,NA,NA
3670,11_11,16.81,16.46,11,11,9,M,per,30,13.91,60,16.7,NA,NA
3670,11_11,16.81,16.46,11,11,9,M,per,40,14.52,NA,NA,NA,NA
3670,11_11,16.81,16.46,11,11,9,M,per,60,15.68,NA,NA,NA,NA
3670,11_11,16.81,16.46,11,11,9,M,per,90,15.89,NA,NA,NA,NA
3671,9_13,16.71,13.71,9,13,9,M,low,0,0.9536,0,3.81,7.30,18.33
3671,9_13,16.71,13.71,9,13,9,M,low,2,1.66,2,4.57,NA,NA
3671,9_13,16.71,13.71,9,13,9,M,low,5,3.28,5,6.92,NA,NA
3671,9_13,16.71,13.71,9,13,9,M,low,10,6.15,10,13.26,NA,NA
3671,9_13,16.71,13.71,9,13,9,M,low,16,9.54,30,15.8,NA,NA
3671,9_13,16.71,13.71,9,13,9,M,low,30,11.78,60,16,NA,NA
3671,9_13,16.71,13.71,9,13,9,M,low,40,11.76,NA,NA,NA,NA
3671,9_13,16.71,13.71,9,13,9,M,low,60,12.31,NA,NA,NA,NA
3671,9_13,16.71,13.71,9,13,9,M,low,90,12.23,NA,NA,NA,NA
3672,6_12,15.94,13.82,6,12,9,NA,per,0,0.7671,0,4.02,6.63,17.10
3672,6_12,15.94,13.82,6,12,9,NA,per,2,1.31,2,4.71,NA,NA
3672,6_12,15.94,13.82,6,12,9,NA,per,5,2.17,5,6.05,NA,NA
3672,6_12,15.94,13.82,6,12,9,NA,per,10,5.13,10,10.60,NA,NA
3672,6_12,15.94,13.82,6,12,9,NA,per,16,9.44,30,NA,NA,NA
3672,6_12,15.94,13.82,6,12,9,NA,per,30,NA,60,NA,NA,NA
3672,6_12,15.94,13.82,6,12,9,NA,per,40,NA,NA,NA,NA,NA
3672,6_12,15.94,13.82,6,12,9,NA,per,60,NA,NA,NA,NA,NA
3672,6_12,15.94,13.82,6,12,9,NA,per,90,NA,NA,NA,NA,NA
3673,6_13,15.94,13.82,6,13,9,M,low,0,0.8495,0,4.34,6.24,17.34
3673,6_13,15.94,13.82,6,13,9,M,low,2,1.74,2,4.98,NA,NA
3673,6_13,15.94,13.82,6,13,9,M,low,5,2.28,5,5.66,NA,NA
3673,6_13,15.94,13.82,6,13,9,M,low,10,3.99,10,10.51,NA,NA
3673,6_13,15.94,13.82,6,13,9,M,low,16,5.7,30,15.2,NA,NA
3673,6_13,15.94,13.82,6,13,9,M,low,30,13.09,60,15.2,NA,NA
3673,6_13,15.94,13.82,6,13,9,M,low,40,13.29,NA,NA,NA,NA
3673,6_13,15.94,13.82,6,13,9,M,low,60,13.43,NA,NA,NA,NA
3673,6_13,15.94,13.82,6,13,9,M,low,90,13.42,NA,NA,NA,NA
3674,9_15,16.71,13.71,9,15,9,M,per,0,0.8453,0,3.31,7.39,16.28
3674,9_15,16.71,13.71,9,15,9,M,per,2,1.3,2,3.78,NA,NA
3674,9_15,16.71,13.71,9,15,9,M,per,5,2.07,5,5.63,NA,NA
3674,9_15,16.71,13.71,9,15,9,M,per,10,4.3,10,10.46,NA,NA
3674,9_15,16.71,13.71,9,15,9,M,per,16,7.84,30,15.9,NA,NA
3674,9_15,16.71,13.71,9,15,9,M,per,30,11.61,60,15.8,NA,NA
3674,9_15,16.71,13.71,9,15,9,M,per,40,11.81,NA,NA,NA,NA
3674,9_15,16.71,13.71,9,15,9,M,per,60,12.55,NA,NA,NA,NA
3674,9_15,16.71,13.71,9,15,9,M,per,90,11.7,NA,NA,NA,NA
3676,6_14,15.94,13.82,6,14,6,F,cont,0,0.7305,0,3.57,6.61,18.17
3676,6_14,15.94,13.82,6,14,6,F,cont,2,1.69,2,4.91,NA,NA
3676,6_14,15.94,13.82,6,14,6,F,cont,5,4.7,5,8.43,NA,NA
3676,6_14,15.94,13.82,6,14,6,F,cont,10,10.15,10,15.00,NA,NA
3676,6_14,15.94,13.82,6,14,6,F,cont,16,10.48,30,15.4,NA,NA
3676,6_14,15.94,13.82,6,14,6,F,cont,30,13.72,60,15.7,NA,NA
3676,6_14,15.94,13.82,6,14,6,F,cont,40,13.24,NA,NA,NA,NA
3676,6_14,15.94,13.82,6,14,6,F,cont,60,14.44,NA,NA,NA,NA
3676,6_14,15.94,13.82,6,14,6,F,cont,90,13.72,NA,NA,NA,NA
3677,6_15,15.94,13.82,6,15,6,M,per,0,0.9145,0,3.86,6.85,18.03
3677,6_15,15.94,13.82,6,15,6,M,per,2,1.72,2,4.81,NA,NA
3677,6_15,15.94,13.82,6,15,6,M,per,5,4.37,5,8.31,NA,NA
3677,6_15,15.94,13.82,6,15,6,M,per,10,9.85,10,14.45,NA,NA
3677,6_15,15.94,13.82,6,15,6,M,per,16,9.64,30,16,NA,NA
3677,6_15,15.94,13.82,6,15,6,M,per,30,13.67,60,16.4,NA,NA
3677,6_15,15.94,13.82,6,15,6,M,per,40,13.35,NA,NA,NA,NA
3677,6_15,15.94,13.82,6,15,6,M,per,60,13.64,NA,NA,NA,NA
3677,6_15,15.94,13.82,6,15,6,M,per,90,13.05,NA,NA,NA,NA
3678,9_16,16.71,13.71,9,16,6,NA,low,0,0.738,0,3.60,6.26,17.91
3678,9_16,16.71,13.71,9,16,6,NA,low,2,1.19,2,4.10,NA,NA
3678,9_16,16.71,13.71,9,16,6,NA,low,5,2.93,5,NA,NA,NA
3678,9_16,16.71,13.71,9,16,6,NA,low,10,6.88,10,12.98,NA,NA
3678,9_16,16.71,13.71,9,16,6,NA,low,16,7.77,30,NA,NA,NA
3678,9_16,16.71,13.71,9,16,6,NA,low,30,NA,60,NA,NA,NA
3678,9_16,16.71,13.71,9,16,6,NA,low,40,NA,NA,NA,NA,NA
3678,9_16,16.71,13.71,9,16,6,NA,low,60,NA,NA,NA,NA,NA
3678,9_16,16.71,13.71,9,16,6,NA,low,90,NA,NA,NA,NA,NA